image,persons,phones,usage_detected
IMG_2379_jpg.rf.7365fa9ff9cd1ff3a4cd55745336221f.jpg,1,1,True
IMG_2380_jpg.rf.26f17b5795f5a201b3b39b9994431298.jpg,1,2,True
IMG_2381_jpg.rf.0b7a47d4e8a67a988f15c32629ef3b49.jpg,1,2,True
IMG_2382_jpg.rf.8744377541452bc0e6a20045dea52682.jpg,1,1,True
IMG_2383_jpg.rf.27c654b07f98a7d9986a79e5042d0a49.jpg,1,1,True
IMG_2384_jpg.rf.41886e035cd3ce3f45ca15c4a3246077.jpg,1,1,True
IMG_2385_jpg.rf.344180d5d58cebf7521015a7fffecfd7.jpg,1,1,True
IMG_2386_jpg.rf.8fe133e599d90ccff9413bca82e96025.jpg,1,1,True
IMG_2387_jpg.rf.292fe30c713465969b43347fbbd0d238.jpg,1,2,True
IMG_2388_jpg.rf.1ba162f5020f4f5268a5d9dbf8da4034.jpg,1,2,True
IMG_2389_jpg.rf.c23561ad9176c6248b059790a284d931.jpg,1,1,True
IMG_2471_jpg.rf.8633d29298b1f5e9a02ce5ad2d3a787e.jpg,1,1,True
IMG_2472_jpg.rf.9218bd848a1b586ea3b2c55bbe912dfc.jpg,1,2,True
IMG_2473_jpg.rf.889548d709a01d424ef24f428c52959d.jpg,1,1,True
IMG_2474_jpg.rf.4831bc1123b1eb050bfe4f13e4b3b3b8.jpg,1,1,True
IMG_2475_jpg.rf.2d1886a972df2244bc833c5934b24637.jpg,1,1,True
IMG_2476_jpg.rf.8738728a28bb80128b50b3d012da0bc1.jpg,1,1,True
IMG_2477_jpg.rf.775b6d9dc1e079c5a86c0604f585c741.jpg,1,1,True
IMG_2478_jpg.rf.d6ab45bd4d32a9e2cc6c760f2a234a51.jpg,1,1,True
IMG_2479_jpg.rf.d8f01cb2e8146ae677a280ecfd270e29.jpg,1,1,True
IMG_2480_jpg.rf.793797b00e2a0ed0e857f8f759c57b1f.jpg,1,1,True
IMG_2481_jpg.rf.f04ba76579f0d40d7cede943d7f7b0fa.jpg,1,1,True
IMG_2482_jpg.rf.2f76becf79ed6b0e91cd7f71530be078.jpg,1,1,True
IMG_2483_jpg.rf.22fc2a515b354f8acc3edb8af1a58d71.jpg,1,1,True
IMG_2484_jpg.rf.323f68a7528e20567f644637d141bc64.jpg,1,1,True
IMG_2485_jpg.rf.516ba665e6b790a0b4fd69a63a71c7d9.jpg,1,1,True
IMG_2486_jpg.rf.0538d62b5c8adf20dd175957ef62c6f0.jpg,1,1,True
IMG_2487_jpg.rf.d66cad84c5f304ed0a51889f763b7c60.jpg,1,1,True
IMG_2488_jpg.rf.f1b948e3ee26371421e0a7fde23c9bcd.jpg,1,1,True
IMG_2489_jpg.rf.7166b75de32cdbd962ae4b8574a52092.jpg,1,1,True
IMG_2490_jpg.rf.3e446710b733552b265ed5577035fba1.jpg,1,1,True
IMG_2491_jpg.rf.fbc4c58f82fcc14827790672f684dccf.jpg,1,1,True
IMG_2492_jpg.rf.b6ee7d686c2337c8afcd20234972ee8b.jpg,1,1,True
IMG_2493_jpg.rf.33e184e2a26bc332e2816d0821a36e99.jpg,1,1,True
IMG_2494_jpg.rf.715ea44bacf7c771b7e22fb6a59442b6.jpg,1,1,True
IMG_2495_jpg.rf.aee24754f480caf0f7f64f7f7b12a704.jpg,1,1,True
IMG_2602_jpg.rf.b51bbb86bf21a7bc114ae833e40babf7.jpg,1,1,True
IMG_2603_jpg.rf.7eee7b621c36b0084570b80cfa87d6a6.jpg,1,1,True
IMG_2604_jpg.rf.6ef4dc55a4b4641a5ce5de1e6cfa2017.jpg,1,1,True
IMG_2605_jpg.rf.ad4b5ccca780b5f80820b53fe9e37026.jpg,1,1,True
IMG_2606_jpg.rf.fc5c9bc929b8d0926a9cd2b3af22c6f7.jpg,1,2,True
IMG_2608_jpg.rf.f20db0579b16f705085b1db34eaaa646.jpg,1,1,True
IMG_2609_jpg.rf.ccc8f253f40e418d0c3dd30b1f454493.jpg,1,1,True
IMG_2610_jpg.rf.bbf721fc52eb6c03525c037b0ff94443.jpg,1,1,True
IMG_2611_jpg.rf.50d1880d88633223c0f3c7dff0e13570.jpg,1,1,True
IMG_2612_jpg.rf.51cfa91fd91a48ab3bdd21d73278f58a.jpg,1,1,True
IMG_2613_jpg.rf.ce3fbad98837189b17165f2c4d1a4728.jpg,1,1,True
IMG_2614_jpg.rf.ce9571ad4b056af80cb33abe3f999bab.jpg,1,1,True
IMG_2616_jpg.rf.980e4fc57d059a5bc85059f9e17463cb.jpg,1,1,True
IMG_2617_jpg.rf.6785c5c323f7db34e6f9912733743b81.jpg,1,1,True
IMG_2618_jpg.rf.da750ee3d968bd523561401e91aefbc3.jpg,1,3,True
IMG_2619_jpg.rf.0132e1cd97089bf7919fe52188b78d23.jpg,1,1,True
IMG_2620_jpg.rf.9d7edd44e2801eaef567bf0cefd99634.jpg,1,1,True
IMG_2621_jpg.rf.3fb0fbc20923188dcd67553c673083ed.jpg,1,1,True
IMG_2699_jpg.rf.add454a8b91392061574515f65b1dd13.jpg,1,1,True
IMG_2700_jpg.rf.01d909639bed4e70eb9b8f3cf615c90a.jpg,1,1,True
IMG_2701_jpg.rf.b0e7c6924e14ee2bf916e5f69fbfcc27.jpg,1,1,True
IMG_2702_jpg.rf.2773dfe440bc28c6e5813bcb5efb4f0c.jpg,1,1,True
IMG_2703_jpg.rf.96b527b4a8b36931095dec5875d81d90.jpg,1,1,True
IMG_2704_jpg.rf.6d889a69302b0a14c9943ff1c1d76425.jpg,1,1,True
IMG_2705_jpg.rf.f88c9243471be07e4ff7a747d7d11f02.jpg,1,1,True
IMG_2706_jpg.rf.1a1f76f85e0aa3f1e3fd4d4d16f0831c.jpg,1,1,True
IMG_2707_jpg.rf.741c9cf518e8eb9af3f57771983f234f.jpg,1,1,True
IMG_2708_jpg.rf.ef093b99083bdea9dbb8d3c46379729c.jpg,1,1,True
IMG_2709_jpg.rf.cc7482a2202bd223875af3de55717302.jpg,1,1,True
IMG_2710_jpg.rf.ead08146d31d5e7dee07c1ca285f4832.jpg,1,1,True
IMG_2711_jpg.rf.e8acd346bc21b5516bd5d6c34d7ec07c.jpg,1,1,True
IMG_2712_jpg.rf.4205cb8ab88f65fac9fb5faf28442164.jpg,1,1,True
IMG_2713_jpg.rf.4406c0c078cce1dd994ad2f21eba8368.jpg,1,1,True
IMG_2714_jpg.rf.e688c84b5c01bc42f3a784449b92d438.jpg,1,1,True
IMG_2716_jpg.rf.08682ee200076af0cbe6c3f9f1cda431.jpg,1,1,True
IMG_2717_jpg.rf.2fb502d1b99ffb844f12b7b098bc45cd.jpg,1,1,True
IMG_2718_jpg.rf.d340fb855fb4b79c1fdfb00b6954225b.jpg,1,1,True
IMG_2719_jpg.rf.fea2896bababbc43e0d5bf847fa006a6.jpg,1,1,True
IMG_2720_jpg.rf.37e19234ace568c55c7ea675e36398b4.jpg,1,1,True
IMG_2721_jpg.rf.b93f86def7371a0b8c44e761025da51c.jpg,1,1,True
IMG_2722_jpg.rf.0bf868c3e73e138a8f37428cbd3894c3.jpg,1,1,True
IMG_2723_jpg.rf.dd7b12ce9cd7a392cf7e6406704b6e7a.jpg,1,1,True
IMG_2818_jpg.rf.fb61dff5f562c77c74ea2ab523390c9b.jpg,1,1,True
IMG_2819_jpg.rf.affc590e2ec245216346dd3a2dfedd1b.jpg,1,1,True
IMG_2820_jpg.rf.02ba64c7cdc62bb55a1d497a34ef4029.jpg,1,1,True
IMG_2821_jpg.rf.0c28f368cb121742e693967cfa1f146c.jpg,1,1,True
IMG_2822_jpg.rf.1debddeb4b0ecb4475a54385191ec77f.jpg,1,1,True
IMG_2823_jpg.rf.0a81bb0fa95470a82b52a104e8783e5d.jpg,1,1,True
IMG_2824_jpg.rf.2f386a6ac67335cba65435cbd0f1baba.jpg,1,1,True
IMG_2825_jpg.rf.f47f5c9ef0cfa0f5ca8e8fc1802f542e.jpg,1,1,True
IMG_2826_jpg.rf.6511ed2010a3067c78cf8c7b28f5eff1.jpg,1,3,True
IMG_2827_jpg.rf.619232f556f6739a9b12861873e1ea30.jpg,1,1,True
IMG_2828_jpg.rf.ba9c7d3a847deb48dbb1ee9c8c7b0137.jpg,1,1,True
IMG_2829_jpg.rf.fbce5c82a44eb1473e819b9bbb8dc157.jpg,1,1,True
IMG_2830_jpg.rf.4fa36deb155fd27740d54f6ad3a5be14.jpg,1,1,True
IMG_2831_jpg.rf.e69355289746ec8cff0892518d20ea67.jpg,1,1,True
IMG_2832_jpg.rf.9223dd65bc4e1e2a0a0d0efd28b963b9.jpg,1,1,True
IMG_2833_jpg.rf.cc0cc859845648cb009d190787504b5c.jpg,1,1,True
IMG_2834_jpg.rf.699f78ac79e98d53f5dbd7726d5089c9.jpg,1,1,True
IMG_2835_jpg.rf.dbed520d4e0d5faebd8f5ba9d5ec1f76.jpg,1,1,True
IMG_2836_jpg.rf.ec3c867637b9181ada98edd573322b3c.jpg,1,1,True
IMG_2837_jpg.rf.f11e0e93228b4f76a412ef0fa161ff65.jpg,1,2,True
IMG_2838_jpg.rf.7a31f51c4d22d3d6524d5c153d9d5712.jpg,1,2,True
IMG_2839_jpg.rf.118198479c65a9952df157c47af9c454.jpg,1,1,True
IMG_2840_jpg.rf.9b3329b947983258e1bd55e1d0686418.jpg,1,1,True
IMG_2841_jpg.rf.c0a415ec2f95ac0d93b8aa3a5d7aa068.jpg,1,1,True
IMG_2842_jpg.rf.e6f0ac3275f931e1821c201260ab7f7d.jpg,1,1,True
IMG_2843_jpg.rf.c2e734c898d767f60bb14f668d23e865.jpg,1,1,True
IMG_2844_jpg.rf.17d444914f88867bb8330dd4a7611567.jpg,1,1,True
IMG_2845_jpg.rf.27682678974596057ae2d8aed1791104.jpg,1,1,True
IMG_2849_jpg.rf.7c551d359ce5b552c6866bee41c1ccf4.jpg,1,1,True
IMG_2850_jpg.rf.e00848aa63953d72569e7d30e3727189.jpg,1,1,True
IMG_2851_jpg.rf.053c8201704bd723c786bd6940c0cc74.jpg,1,1,True
IMG_2852_jpg.rf.749a501ef68728d06d17bae0212fed6c.jpg,1,1,True
IMG_2853_jpg.rf.6298b7accef517af6ee19f5fead12ca4.jpg,1,1,True
IMG_2854_jpg.rf.89fa91f98c88ed828ce794330c3bd12f.jpg,1,1,True
IMG_2855_jpg.rf.ce0c4799620f1e2246d595dc0e217675.jpg,1,1,True
IMG_2856_jpg.rf.fdbb3159bf303eeea37dd5d9301cf794.jpg,1,1,True
IMG_2857_jpg.rf.5360087814948ac03928a9d94bacc169.jpg,1,1,True
IMG_2858_jpg.rf.f2e594f82940f23bc6a0e1c1af378037.jpg,1,1,True
IMG_2859_jpg.rf.6cd473a1df95362f9423630acb4ba2eb.jpg,1,1,True
IMG_2860_jpg.rf.4f1056d296bf05f5811d52191c50bfc0.jpg,1,1,True
IMG_2861_jpg.rf.cb1432ae2d8958a364dd9cfa6084ceb0.jpg,1,1,True
IMG_2936_jpg.rf.67c23b975747d8f6107c904a99d39a98.jpg,1,1,True
IMG_2937_jpg.rf.c350259cd76dea322aacb6ba344a397c.jpg,1,2,True
IMG_2938_jpg.rf.28eb50ca74f7b62cfeb9d2ab5bc30762.jpg,1,1,True
IMG_2939_jpg.rf.6f85128098c9f4c532aed5eea0eca60c.jpg,1,1,True
IMG_2940_jpg.rf.dca70c4af6dc9c205b525507c6c74791.jpg,1,1,True
IMG_2941_jpg.rf.e68499c7ece2461f2ff12104d66b0293.jpg,1,1,True
IMG_2942_jpg.rf.89ad4f530c34202bdcce7f885efb5a9b.jpg,1,1,True
IMG_2943_jpg.rf.d57f66a14e518b37bd97c02a562f1152.jpg,1,1,True
IMG_2944_jpg.rf.db5f5d0f20814d1f664b75c39ee38ccd.jpg,1,1,True
IMG_2945_jpg.rf.bdfcc788764a599a024059387824c33d.jpg,1,1,True
IMG_2946_jpg.rf.048f2f463c224e4d881f27351616c125.jpg,1,1,True
IMG_2947_jpg.rf.cefc9e129b2fa91a8e700ff423ae50c7.jpg,1,1,True
IMG_2948_jpg.rf.49173e9cde8c54c30e03498d0f24ad80.jpg,1,2,True
IMG_2949_jpg.rf.8ed2b6c418d0d0d64322f0053ed63599.jpg,1,1,True
IMG_2950_jpg.rf.9d4893f9a344996ce8aee57778007467.jpg,1,1,True
IMG_2951_jpg.rf.61c9160ff1c12fd28f8c396c096d6aeb.jpg,1,1,True
IMG_2952_jpg.rf.5869c8b350df92ce5dc6bfdb43c0144b.jpg,1,1,True
IMG_2953_jpg.rf.0c2b3d1ed2d62f6bca2eb1b13595a2d5.jpg,1,1,True
IMG_2954_jpg.rf.ae03a6c0ac5b2c020e31a065b1384532.jpg,1,1,True
IMG_2955_jpg.rf.91af5993ab6a69c4bc1f777b30ce39f0.jpg,1,1,True
IMG_2956_jpg.rf.5dafd2f4694875ee777a381b67a633c4.jpg,1,1,True
IMG_2957_jpg.rf.d1567f77ac7cf285c0b5fd4177229240.jpg,1,1,True
IMG_2958_jpg.rf.9229ffb088a0b5b4b1cec0db25a6283d.jpg,1,1,True
IMG_2959_jpg.rf.77ea3b94160f16d5eb55dde16fe65b79.jpg,1,1,True
IMG_2960_jpg.rf.a3aea6a989dfa831eeedf2a7597c414e.jpg,1,1,True
IMG_2961_jpg.rf.cb93bb4e90d8706a99132353292c316e.jpg,1,1,True
IMG_2962_jpg.rf.2f0de4aa250fcd207a8c7c2229969e3a.jpg,1,2,True
IMG_2963_jpg.rf.3c93b1a9990269fdefd1077450f8be8b.jpg,1,1,True
IMG_2964_jpg.rf.cb5f7349f4c710fb27635b0756103fc6.jpg,1,3,True
IMG_2965_jpg.rf.84b63517bd415698a7d20c37570c44b5.jpg,1,1,True
IMG_2966_jpg.rf.92e58dee857b24b42dca02a71400a3b2.jpg,1,1,True
IMG_2967_jpg.rf.0732702dcca04cc27dbdc67c31af7e88.jpg,1,1,True
IMG_2968_jpg.rf.62ee79050f3f9aa76a4149b5cc600cea.jpg,1,1,True
IMG_2969_jpg.rf.2ae1979e4693586cfb6a8b44e402429a.jpg,1,1,True
IMG_2970_jpg.rf.7c269d44844a6a2a7e70edfddfba74ce.jpg,1,1,True
IMG_2971_jpg.rf.e6b09ef4dc45202e37c200ac602f6e9a.jpg,1,1,True
IMG_2972_jpg.rf.c59637c1f3e9fc19d67623bd3b8a9799.jpg,1,1,True
IMG_2973_jpg.rf.aee1310cd91f7b0f49fccf480da378f6.jpg,1,1,True
